Media,Sigma,N,e,TamanhoDaAmostra
11625.594387727118,8270.06806562004,181994,413.503403281002,1524
