Media,Sigma,N,e,TamanhoDaAmostra
8416.159054097865,6935.750953938467,37044,346.7875476969234,1476
