Media,Sigma,N,e,TamanhoDaAmostra
488.6314112946777,276.55932142027797,37044,13.827966071013899,1476
