Media,Sigma,N,e,TamanhoDaAmostra
419.54067130329634,192.39374332144996,23149,9.619687166072499,1442
