Media,Sigma,N,e,TamanhoDaAmostra
638.448959855808,322.14942765301384,181994,16.107471382650694,1524
