Media,Sigma,N,e,TamanhoDaAmostra
520.0669519119513,247.05581039632062,37161,12.352790519816033,1476
