Media,Sigma,N,e,TamanhoDaAmostra
6567.669532161189,4009.460800769197,23149,200.47304003845986,1442
