Media,Sigma,N,e,TamanhoDaAmostra
9507.414143860458,5718.970176685407,37161,285.94850883427034,1476
